[
  {
    "name": {
      "common": "Jordan",
      "official": "Hashemite Kingdom of Jordan",
      "nativeName": {
        "ara": {
          "official": "المملكة الأردنية الهاشمية",
          "common": "الأردن"
        }
      }
    }
  },
  {
    "name": {
      "common": "Northern Mariana Islands",
      "official": "Commonwealth of the Northern Mariana Islands",
      "nativeName": {
        "cal": {
          "official": "Commonwealth of the Northern Mariana Islands",
          "common": "Northern Mariana Islands"
        },
        "cha": {
          "official": "Sankattan Siha Na Islas Mariånas",
          "common": "Na Islas Mariånas"
        },
        "eng": {
          "official": "Commonwealth of the Northern Mariana Islands",
          "common": "Northern Mariana Islands"
        }
      }
    }
  },
  {
    "name": {
      "common": "Serbia",
      "official": "Republic of Serbia",
      "nativeName": {
        "srp": {
          "official": "Република Србија",
          "common": "Србија"
        }
      }
    }
  },
  {
    "name": {
      "common": "Andorra",
      "official": "Principality of Andorra",
      "nativeName": {
        "cat": {
          "official": "Principat d'Andorra",
          "common": "Andorra"
        }
      }
    }
  },
  {
    "name": {
      "common": "Turks and Caicos Islands",
      "official": "Turks and Caicos Islands",
      "nativeName": {
        "eng": {
          "official": "Turks and Caicos Islands",
          "common": "Turks and Caicos Islands"
        }
      }
    }
  },
  {
    "name": {
      "common": "Bermuda",
      "official": "Bermuda",
      "nativeName": {
        "eng": {
          "official": "Bermuda",
          "common": "Bermuda"
        }
      }
    }
  },
  {
    "name": {
      "common": "Antarctica",
      "official": "Antarctica",
      "nativeName": {}
    }
  },
  {
    "name": {
      "common": "Bolivia",
      "official": "Plurinational State of Bolivia",
      "nativeName": {
        "aym": {
          "official": "Wuliwya Suyu",
          "common": "Wuliwya"
        },
        "grn": {
          "official": "Tetã Volívia",
          "common": "Volívia"
        },
        "que": {
          "official": "Buliwya Mamallaqta",
          "common": "Buliwya"
        },
        "spa": {
          "official": "Estado Plurinacional de Bolivia",
          "common": "Bolivia"
        }
      }
    }
  },
  {
    "name": {
      "common": "Libya",
      "official": "State of Libya",
      "nativeName": {
        "ara": {
          "official": "الدولة ليبيا",
          "common": "‏ليبيا"
        }
      }
    }
  },
  {
    "name": {
      "common": "Mali",
      "official": "Republic of Mali",
      "nativeName": {
        "fra": {
          "official": "République du Mali",
          "common": "Mali"
        }
      }
    }
  },
  {
    "name": {
      "common": "Armenia",
      "official": "Republic of Armenia",
      "nativeName": {
        "hye": {
          "official": "Հայաստանի Հանրապետություն",
          "common": "Հայաստան"
        }
      }
    }
  },
  {
    "name": {
      "common": "Mauritius",
      "official": "Republic of Mauritius",
      "nativeName": {
        "eng": {
          "official": "Republic of Mauritius",
          "common": "Mauritius"
        },
        "fra": {
          "official": "République de Maurice",
          "common": "Maurice"
        },
        "mfe": {
          "official": "Republik Moris",
          "common": "Moris"
        }
      }
    }
  },
  {
    "name": {
      "common": "Maldives",
      "official": "Republic of the Maldives",
      "nativeName": {
        "div": {
          "official": "ދިވެހިރާއްޖޭގެ ޖުމްހޫރިއްޔާ",
          "common": "ދިވެހިރާއްޖޭގެ"
        }
      }
    }
  },
  {
    "name": {
      "common": "American Samoa",
      "official": "American Samoa",
      "nativeName": {
        "eng": {
          "official": "American Samoa",
          "common": "American Samoa"
        },
        "smo": {
          "official": "Sāmoa Amelika",
          "common": "Sāmoa Amelika"
        }
      }
    }
  },
  {
    "name": {
      "common": "North Macedonia",
      "official": "Republic of North Macedonia",
      "nativeName": {
        "mkd": {
          "official": "Република Северна Македонија",
          "common": "Македонија"
        }
      }
    }
  },
  {
    "name": {
      "common": "Ethiopia",
      "official": "Federal Democratic Republic of Ethiopia",
      "nativeName": {
        "amh": {
          "official": "የኢትዮጵያ ፌዴራላዊ ዲሞክራሲያዊ ሪፐብሊክ",
          "common": "ኢትዮጵያ"
        }
      }
    }
  },
  {
    "name": {
      "common": "Greenland",
      "official": "Greenland",
      "nativeName": {
        "kal": {
          "official": "Kalaallit Nunaat",
          "common": "Kalaallit Nunaat"
        }
      }
    }
  },
  {
    "name": {
      "common": "Iraq",
      "official": "Republic of Iraq",
      "nativeName": {
        "ara": {
          "official": "جمهورية العراق",
          "common": "العراق"
        },
        "arc": {
          "official": "ܩܘܼܛܢܵܐ ܐܝܼܪܲܩ",
          "common": "ܩܘܼܛܢܵܐ"
        },
        "ckb": {
          "official": "کۆماری عێراق",
          "common": "کۆماری"
        }
      }
    }
  },
  {
    "name": {
      "common": "Guatemala",
      "official": "Republic of Guatemala",
      "nativeName": {
        "spa": {
          "official": "República de Guatemala",
          "common": "Guatemala"
        }
      }
    }
  },
  {
    "name": {
      "common": "Trinidad and Tobago",
      "official": "Republic of Trinidad and Tobago",
      "nativeName": {
        "eng": {
          "official": "Republic of Trinidad and Tobago",
          "common": "Trinidad and Tobago"
        }
      }
    }
  },
  {
    "name": {
      "common": "Peru",
      "official": "Republic of Peru",
      "nativeName": {
        "aym": {
          "official": "Piruw Suyu",
          "common": "Piruw"
        },
        "que": {
          "official": "Piruw Ripuwlika",
          "common": "Piruw"
        },
        "spa": {
          "official": "República del Perú",
          "common": "Perú"
        }
      }
    }
  },
  {
    "name": {
      "common": "Suriname",
      "official": "Republic of Suriname",
      "nativeName": {
        "nld": {
          "official": "Republiek Suriname",
          "common": "Suriname"
        }
      }
    }
  },
  {
    "name": {
      "common": "Sweden",
      "official": "Kingdom of Sweden",
      "nativeName": {
        "swe": {
          "official": "Konungariket Sverige",
          "common": "Sverige"
        }
      }
    }
  },
  {
    "name": {
      "common": "New Caledonia",
      "official": "New Caledonia",
      "nativeName": {
        "fra": {
          "official": "Nouvelle-Calédonie",
          "common": "Nouvelle-Calédonie"
        }
      }
    }
  },
  {
    "name": {
      "common": "French Polynesia",
      "official": "French Polynesia",
      "nativeName": {
        "fra": {
          "official": "Polynésie française",
          "common": "Polynésie française"
        }
      }
    }
  },
  {
    "name": {
      "common": "Benin",
      "official": "Republic of Benin",
      "nativeName": {
        "fra": {
          "official": "République du Bénin",
          "common": "Bénin"
        }
      }
    }
  },
  {
    "name": {
      "common": "Estonia",
      "official": "Republic of Estonia",
      "nativeName": {
        "est": {
          "official": "Eesti Vabariik",
          "common": "Eesti"
        }
      }
    }
  },
  {
    "name": {
      "common": "Falkland Islands",
      "official": "Falkland Islands",
      "nativeName": {
        "eng": {
          "official": "Falkland Islands",
          "common": "Falkland Islands"
        }
      }
    }
  },
  {
    "name": {
      "common": "Guam",
      "official": "Guam",
      "nativeName": {
        "cha": {
          "official": "Guåhån",
          "common": "Guåhån"
        },
        "eng": {
          "official": "Guam",
          "common": "Guam"
        },
        "spa": {
          "official": "Guam",
          "common": "Guam"
        }
      }
    }
  },
  {
    "name": {
      "common": "Zimbabwe",
      "official": "Republic of Zimbabwe",
      "nativeName": {
        "bwg": {
          "official": "Republic of Zimbabwe",
          "common": "Zimbabwe"
        },
        "eng": {
          "official": "Republic of Zimbabwe",
          "common": "Zimbabwe"
        },
        "kck": {
          "official": "Republic of Zimbabwe",
          "common": "Zimbabwe"
        },
        "khi": {
          "official": "Republic of Zimbabwe",
          "common": "Zimbabwe"
        },
        "ndc": {
          "official": "Republic of Zimbabwe",
          "common": "Zimbabwe"
        },
        "nde": {
          "official": "Republic of Zimbabwe",
          "common": "Zimbabwe"
        },
        "nya": {
          "official": "Republic of Zimbabwe",
          "common": "Zimbabwe"
        },
        "sna": {
          "official": "Republic of Zimbabwe",
          "common": "Zimbabwe"
        },
        "sot": {
          "official": "Republic of Zimbabwe",
          "common": "Zimbabwe"
        },
        "toi": {
          "official": "Republic of Zimbabwe",
          "common": "Zimbabwe"
        },
        "tsn": {
          "official": "Republic of Zimbabwe",
          "common": "Zimbabwe"
        },
        "tso": {
          "official": "Republic of Zimbabwe",
          "common": "Zimbabwe"
        },
        "ven": {
          "official": "Republic of Zimbabwe",
          "common": "Zimbabwe"
        },
        "xho": {
          "official": "Republic of Zimbabwe",
          "common": "Zimbabwe"
        },
        "zib": {
          "official": "Republic of Zimbabwe",
          "common": "Zimbabwe"
        }
      }
    }
  },
  {
    "name": {
      "common": "Slovakia",
      "official": "Slovak Republic",
      "nativeName": {
        "slk": {
          "official": "Slovenská republika",
          "common": "Slovensko"
        }
      }
    }
  },
  {
    "name": {
      "common": "Netherlands",
      "official": "Kingdom of the Netherlands",
      "nativeName": {
        "nld": {
          "official": "Koninkrijk der Nederlanden",
          "common": "Nederland"
        }
      }
    }
  },
  {
    "name": {
      "common": "Ecuador",
      "official": "Republic of Ecuador",
      "nativeName": {
        "spa": {
          "official": "República del Ecuador",
          "common": "Ecuador"
        }
      }
    }
  },
  {
    "name": {
      "common": "Saudi Arabia",
      "official": "Kingdom of Saudi Arabia",
      "nativeName": {
        "ara": {
          "official": "المملكة العربية السعودية",
          "common": "العربية السعودية"
        }
      }
    }
  },
  {
    "name": {
      "common": "United Arab Emirates",
      "official": "United Arab Emirates",
      "nativeName": {
        "ara": {
          "official": "الإمارات العربية المتحدة",
          "common": "دولة الإمارات العربية المتحدة"
        }
      }
    }
  },
  {
    "name": {
      "common": "Afghanistan",
      "official": "Islamic Republic of Afghanistan",
      "nativeName": {
        "prs": {
          "official": "جمهوری اسلامی افغانستان",
          "common": "افغانستان"
        },
        "pus": {
          "official": "د افغانستان اسلامي جمهوریت",
          "common": "افغانستان"
        },
        "tuk": {
          "official": "Owganystan Yslam Respublikasy",
          "common": "Owganystan"
        }
      }
    }
  },
  {
    "name": {
      "common": "United States Minor Outlying Islands",
      "official": "United States Minor Outlying Islands",
      "nativeName": {
        "eng": {
          "official": "United States Minor Outlying Islands",
          "common": "United States Minor Outlying Islands"
        }
      }
    }
  },
  {
    "name": {
      "common": "Central African Republic",
      "official": "Central African Republic",
      "nativeName": {
        "fra": {
          "official": "République centrafricaine",
          "common": "République centrafricaine"
        },
        "sag": {
          "official": "Ködörösêse tî Bêafrîka",
          "common": "Bêafrîka"
        }
      }
    }
  },
  {
    "name": {
      "common": "Panama",
      "official": "Republic of Panama",
      "nativeName": {
        "spa": {
          "official": "República de Panamá",
          "common": "Panamá"
        }
      }
    }
  },
  {
    "name": {
      "common": "Vatican City",
      "official": "Vatican City State",
      "nativeName": {
        "ita": {
          "official": "Stato della Città del Vaticano",
          "common": "Vaticano"
        },
        "lat": {
          "official": "Status Civitatis Vaticanæ",
          "common": "Vaticanæ"
        }
      }
    }
  },
  {
    "name": {
      "common": "Syria",
      "official": "Syrian Arab Republic",
      "nativeName": {
        "ara": {
          "official": "الجمهورية العربية السورية",
          "common": "سوريا"
        }
      }
    }
  },
  {
    "name": {
      "common": "Vanuatu",
      "official": "Republic of Vanuatu",
      "nativeName": {
        "bis": {
          "official": "Ripablik blong Vanuatu",
          "common": "Vanuatu"
        },
        "eng": {
          "official": "Republic of Vanuatu",
          "common": "Vanuatu"
        },
        "fra": {
          "official": "République de Vanuatu",
          "common": "Vanuatu"
        }
      }
    }
  },
  {
    "name": {
      "common": "Honduras",
      "official": "Republic of Honduras",
      "nativeName": {
        "spa": {
          "official": "República de Honduras",
          "common": "Honduras"
        }
      }
    }
  },
  {
    "name": {
      "common": "Kiribati",
      "official": "Independent and Sovereign Republic of Kiribati",
      "nativeName": {
        "eng": {
          "official": "Independent and Sovereign Republic of Kiribati",
          "common": "Kiribati"
        },
        "gil": {
          "official": "Ribaberiki Kiribati",
          "common": "Kiribati"
        }
      }
    }
  },
  {
    "name": {
      "common": "Chile",
      "official": "Republic of Chile",
      "nativeName": {
        "spa": {
          "official": "República de Chile",
          "common": "Chile"
        }
      }
    }
  },
  {
    "name": {
      "common": "Burkina Faso",
      "official": "Burkina Faso",
      "nativeName": {
        "fra": {
          "official": "République du Burkina",
          "common": "Burkina Faso"
        }
      }
    }
  },
  {
    "name": {
      "common": "Saint Kitts and Nevis",
      "official": "Federation of Saint Christopher and Nevis",
      "nativeName": {
        "eng": {
          "official": "Federation of Saint Christopher and Nevis",
          "common": "Saint Kitts and Nevis"
        }
      }
    }
  },
  {
    "name": {
      "common": "Saint Barthélemy",
      "official": "Collectivity of Saint Barthélemy",
      "nativeName": {
        "fra": {
          "official": "Collectivité de Saint-Barthélemy",
          "common": "Saint-Barthélemy"
        }
      }
    }
  },
  {
    "name": {
      "common": "Mexico",
      "official": "United Mexican States",
      "nativeName": {
        "spa": {
          "official": "Estados Unidos Mexicanos",
          "common": "México"
        }
      }
    }
  },
  {
    "name": {
      "common": "China",
      "official": "People's Republic of China",
      "nativeName": {
        "zho": {
          "official": "中华人民共和国",
          "common": "中国"
        }
      }
    }
  },
  {
    "name": {
      "common": "Timor-Leste",
      "official": "Democratic Republic of Timor-Leste",
      "nativeName": {
        "por": {
          "official": "República Democrática de Timor-Leste",
          "common": "Timor-Leste"
        },
        "tet": {
          "official": "Repúblika Demokrátika Timór-Leste",
          "common": "Timór-Leste"
        }
      }
    }
  },
  {
    "name": {
      "common": "British Indian Ocean Territory",
      "official": "British Indian Ocean Territory",
      "nativeName": {
        "eng": {
          "official": "British Indian Ocean Territory",
          "common": "British Indian Ocean Territory"
        }
      }
    }
  },
  {
    "name": {
      "common": "South Sudan",
      "official": "Republic of South Sudan",
      "nativeName": {
        "eng": {
          "official": "Republic of South Sudan",
          "common": "South Sudan"
        }
      }
    }
  },
  {
    "name": {
      "common": "Eswatini",
      "official": "Kingdom of Eswatini",
      "nativeName": {
        "eng": {
          "official": "Kingdom of Eswatini",
          "common": "Eswatini"
        },
        "ssw": {
          "official": "Umbuso weSwatini",
          "common": "eSwatini"
        }
      }
    }
  },
  {
    "name": {
      "common": "Uzbekistan",
      "official": "Republic of Uzbekistan",
      "nativeName": {
        "rus": {
          "official": "Республика Узбекистан",
          "common": "Узбекистан"
        },
        "uzb": {
          "official": "O'zbekiston Respublikasi",
          "common": "O‘zbekiston"
        }
      }
    }
  },
  {
    "name": {
      "common": "Indonesia",
      "official": "Republic of Indonesia",
      "nativeName": {
        "ind": {
          "official": "Republik Indonesia",
          "common": "Indonesia"
        }
      }
    }
  },
  {
    "name": {
      "common": "Paraguay",
      "official": "Republic of Paraguay",
      "nativeName": {
        "grn": {
          "official": "Tetã Paraguái",
          "common": "Paraguái"
        },
        "spa": {
          "official": "República de Paraguay",
          "common": "Paraguay"
        }
      }
    }
  },
  {
    "name": {
      "common": "Monaco",
      "official": "Principality of Monaco",
      "nativeName": {
        "fra": {
          "official": "Principauté de Monaco",
          "common": "Monaco"
        }
      }
    }
  },
  {
    "name": {
      "common": "Grenada",
      "official": "Grenada",
      "nativeName": {
        "eng": {
          "official": "Grenada",
          "common": "Grenada"
        }
      }
    }
  },
  {
    "name": {
      "common": "Croatia",
      "official": "Republic of Croatia",
      "nativeName": {
        "hrv": {
          "official": "Republika Hrvatska",
          "common": "Hrvatska"
        }
      }
    }
  },
  {
    "name": {
      "common": "Poland",
      "official": "Republic of Poland",
      "nativeName": {
        "pol": {
          "official": "Rzeczpospolita Polska",
          "common": "Polska"
        }
      }
    }
  },
  {
    "name": {
      "common": "Bosnia and Herzegovina",
      "official": "Bosnia and Herzegovina",
      "nativeName": {
        "bos": {
          "official": "Bosna i Hercegovina",
          "common": "Bosna i Hercegovina"
        },
        "hrv": {
          "official": "Bosna i Hercegovina",
          "common": "Bosna i Hercegovina"
        },
        "srp": {
          "official": "Босна и Херцеговина",
          "common": "Босна и Херцеговина"
        }
      }
    }
  },
  {
    "name": {
      "common": "Canada",
      "official": "Canada",
      "nativeName": {
        "eng": {
          "official": "Canada",
          "common": "Canada"
        },
        "fra": {
          "official": "Canada",
          "common": "Canada"
        }
      }
    }
  },
  {
    "name": {
      "common": "Portugal",
      "official": "Portuguese Republic",
      "nativeName": {
        "por": {
          "official": "República português",
          "common": "Portugal"
        }
      }
    }
  },
  {
    "name": {
      "common": "Brazil",
      "official": "Federative Republic of Brazil",
      "nativeName": {
        "por": {
          "official": "República Federativa do Brasil",
          "common": "Brasil"
        }
      }
    }
  },
  {
    "name": {
      "common": "Mauritania",
      "official": "Islamic Republic of Mauritania",
      "nativeName": {
        "ara": {
          "official": "الجمهورية الإسلامية الموريتانية",
          "common": "موريتانيا"
        }
      }
    }
  },
  {
    "name": {
      "common": "Israel",
      "official": "State of Israel",
      "nativeName": {
        "ara": {
          "official": "دولة إسرائيل",
          "common": "إسرائيل"
        },
        "heb": {
          "official": "מדינת ישראל",
          "common": "ישראל"
        }
      }
    }
  },
  {
    "name": {
      "common": "Curaçao",
      "official": "Country of Curaçao",
      "nativeName": {
        "eng": {
          "official": "Country of Curaçao",
          "common": "Curaçao"
        },
        "nld": {
          "official": "Land Curaçao",
          "common": "Curaçao"
        },
        "pap": {
          "official": "Pais Kòrsou",
          "common": "Pais Kòrsou"
        }
      }
    }
  },
  {
    "name": {
      "common": "Brunei",
      "official": "Nation of Brunei, Abode of Peace",
      "nativeName": {
        "msa": {
          "official": "Nation of Brunei, Abode Damai",
          "common": "Negara Brunei Darussalam"
        }
      }
    }
  },
  {
    "name": {
      "common": "Angola",
      "official": "Republic of Angola",
      "nativeName": {
        "por": {
          "official": "República de Angola",
          "common": "Angola"
        }
      }
    }
  },
  {
    "name": {
      "common": "Malta",
      "official": "Republic of Malta",
      "nativeName": {
        "eng": {
          "official": "Republic of Malta",
          "common": "Malta"
        },
        "mlt": {
          "official": "Repubblika ta ' Malta",
          "common": "Malta"
        }
      }
    }
  },
  {
    "name": {
      "common": "Belarus",
      "official": "Republic of Belarus",
      "nativeName": {
        "bel": {
          "official": "Рэспубліка Беларусь",
          "common": "Белару́сь"
        },
        "rus": {
          "official": "Республика Беларусь",
          "common": "Беларусь"
        }
      }
    }
  },
  {
    "name": {
      "common": "Turkey",
      "official": "Republic of Turkey",
      "nativeName": {
        "tur": {
          "official": "Türkiye Cumhuriyeti",
          "common": "Türkiye"
        }
      }
    }
  },
  {
    "name": {
      "common": "Finland",
      "official": "Republic of Finland",
      "nativeName": {
        "fin": {
          "official": "Suomen tasavalta",
          "common": "Suomi"
        },
        "swe": {
          "official": "Republiken Finland",
          "common": "Finland"
        }
      }
    }
  },
  {
    "name": {
      "common": "Gibraltar",
      "official": "Gibraltar",
      "nativeName": {
        "eng": {
          "official": "Gibraltar",
          "common": "Gibraltar"
        }
      }
    }
  },
  {
    "name": {
      "common": "Bhutan",
      "official": "Kingdom of Bhutan",
      "nativeName": {
        "dzo": {
          "official": "འབྲུག་རྒྱལ་ཁབ་",
          "common": "འབྲུག་ཡུལ་"
        }
      }
    }
  },
  {
    "name": {
      "common": "Spain",
      "official": "Kingdom of Spain",
      "nativeName": {
        "spa": {
          "official": "Reino de España",
          "common": "España"
        }
      }
    }
  },
  {
    "name": {
      "common": "Venezuela",
      "official": "Bolivarian Republic of Venezuela",
      "nativeName": {
        "spa": {
          "official": "República Bolivariana de Venezuela",
          "common": "Venezuela"
        }
      }
    }
  },
  {
    "name": {
      "common": "Qatar",
      "official": "State of Qatar",
      "nativeName": {
        "ara": {
          "official": "دولة قطر",
          "common": "قطر"
        }
      }
    }
  },
  {
    "name": {
      "common": "Czechia",
      "official": "Czech Republic",
      "nativeName": {
        "ces": {
          "official": "Česká republika",
          "common": "Česko"
        },
        "slk": {
          "official": "Česká republika",
          "common": "Česko"
        }
      }
    }
  },
  {
    "name": {
      "common": "Kuwait",
      "official": "State of Kuwait",
      "nativeName": {
        "ara": {
          "official": "دولة الكويت",
          "common": "الكويت"
        }
      }
    }
  },
  {
    "name": {
      "common": "Montenegro",
      "official": "Montenegro",
      "nativeName": {
        "cnr": {
          "official": "Црна Гора",
          "common": "Црна Гора"
        }
      }
    }
  },
  {
    "name": {
      "common": "Bouvet Island",
      "official": "Bouvet Island",
      "nativeName": {
        "nor": {
          "official": "Bouvetøya",
          "common": "Bouvetøya"
        }
      }
    }
  },
  {
    "name": {
      "common": "India",
      "official": "Republic of India",
      "nativeName": {
        "eng": {
          "official": "Republic of India",
          "common": "India"
        },
        "hin": {
          "official": "भारत गणराज्य",
          "common": "भारत"
        },
        "tam": {
          "official": "இந்தியக் குடியரசு",
          "common": "இந்தியா"
        }
      }
    }
  },
  {
    "name": {
      "common": "New Zealand",
      "official": "New Zealand",
      "nativeName": {
        "eng": {
          "official": "New Zealand",
          "common": "New Zealand"
        },
        "mri": {
          "official": "Aotearoa",
          "common": "Aotearoa"
        },
        "nzs": {
          "official": "New Zealand",
          "common": "New Zealand"
        }
      }
    }
  },
  {
    "name": {
      "common": "Jamaica",
      "official": "Jamaica",
      "nativeName": {
        "eng": {
          "official": "Jamaica",
          "common": "Jamaica"
        },
        "jam": {
          "official": "Jamaica",
          "common": "Jamaica"
        }
      }
    }
  },
  {
    "name": {
      "common": "Cayman Islands",
      "official": "Cayman Islands",
      "nativeName": {
        "eng": {
          "official": "Cayman Islands",
          "common": "Cayman Islands"
        }
      }
    }
  },
  {
    "name": {
      "common": "San Marino",
      "official": "Republic of San Marino",
      "nativeName": {
        "ita": {
          "official": "Repubblica di San Marino",
          "common": "San Marino"
        }
      }
    }
  },
  {
    "name": {
      "common": "Republic of the Congo",
      "official": "Republic of the Congo",
      "nativeName": {
        "fra": {
          "official": "République du Congo",
          "common": "République du Congo"
        },
        "kon": {
          "official": "Repubilika ya Kongo",
          "common": "Repubilika ya Kongo"
        },
        "lin": {
          "official": "Republíki ya Kongó",
          "common": "Republíki ya Kongó"
        }
      }
    }
  },
  {
    "name": {
      "common": "Pakistan",
      "official": "Islamic Republic of Pakistan",
      "nativeName": {
        "eng": {
          "official": "Islamic Republic of Pakistan",
          "common": "Pakistan"
        },
        "urd": {
          "official": "اسلامی جمہوریۂ پاكستان",
          "common": "پاكستان"
        }
      }
    }
  },
  {
    "name": {
      "common": "France",
      "official": "French Republic",
      "nativeName": {
        "fra": {
          "official": "République française",
          "common": "France"
        }
      }
    }
  },
  {
    "name": {
      "common": "Kazakhstan",
      "official": "Republic of Kazakhstan",
      "nativeName": {
        "kaz": {
          "official": "Қазақстан Республикасы",
          "common": "Қазақстан"
        },
        "rus": {
          "official": "Республика Казахстан",
          "common": "Казахстан"
        }
      }
    }
  },
  {
    "name": {
      "common": "Bahrain",
      "official": "Kingdom of Bahrain",
      "nativeName": {
        "ara": {
          "official": "مملكة البحرين",
          "common": "‏البحرين"
        }
      }
    }
  },
  {
    "name": {
      "common": "Fiji",
      "official": "Republic of Fiji",
      "nativeName": {
        "eng": {
          "official": "Republic of Fiji",
          "common": "Fiji"
        },
        "fij": {
          "official": "Matanitu Tugalala o Viti",
          "common": "Viti"
        },
        "hif": {
          "official": "रिपब्लिक ऑफ फीजी",
          "common": "फिजी"
        }
      }
    }
  },
  {
    "name": {
      "common": "Iceland",
      "official": "Iceland",
      "nativeName": {
        "isl": {
          "official": "Ísland",
          "common": "Ísland"
        }
      }
    }
  },
  {
    "name": {
      "common": "Myanmar",
      "official": "Republic of the Union of Myanmar",
      "nativeName": {
        "mya": {
          "official": "ပြည်ထောင်စု သမ္မတ မြန်မာနိုင်ငံတော်",
          "common": "မြန်မာ"
        }
      }
    }
  },
  {
    "name": {
      "common": "Bangladesh",
      "official": "People's Republic of Bangladesh",
      "nativeName": {
        "ben": {
          "official": "বাংলাদেশ গণপ্রজাতন্ত্রী",
          "common": "বাংলাদেশ"
        }
      }
    }
  },
  {
    "name": {
      "common": "Philippines",
      "official": "Republic of the Philippines",
      "nativeName": {
        "eng": {
          "official": "Republic of the Philippines",
          "common": "Philippines"
        },
        "fil": {
          "official": "Republic of the Philippines",
          "common": "Pilipinas"
        }
      }
    }
  },
  {
    "name": {
      "common": "Equatorial Guinea",
      "official": "Republic of Equatorial Guinea",
      "nativeName": {
        "fra": {
          "official": "République de la Guinée Équatoriale",
          "common": "Guinée équatoriale"
        },
        "por": {
          "official": "República da Guiné Equatorial",
          "common": "Guiné Equatorial"
        },
        "spa": {
          "official": "República de Guinea Ecuatorial",
          "common": "Guinea Ecuatorial"
        }
      }
    }
  },
  {
    "name": {
      "common": "Ireland",
      "official": "Republic of Ireland",
      "nativeName": {
        "eng": {
          "official": "Republic of Ireland",
          "common": "Ireland"
        },
        "gle": {
          "official": "Poblacht na hÉireann",
          "common": "Éire"
        }
      }
    }
  },
  {
    "name": {
      "common": "Nepal",
      "official": "Federal Democratic Republic of Nepal",
      "nativeName": {
        "nep": {
          "official": "नेपाल संघीय लोकतान्त्रिक गणतन्त्र",
          "common": "नेपाल"
        }
      }
    }
  },
  {
    "name": {
      "common": "Yemen",
      "official": "Republic of Yemen",
      "nativeName": {
        "ara": {
          "official": "الجمهورية اليمنية",
          "common": "اليَمَن"
        }
      }
    }
  },
  {
    "name": {
      "common": "South Korea",
      "official": "Republic of Korea",
      "nativeName": {
        "kor": {
          "official": "대한민국",
          "common": "한국"
        }
      }
    }
  },
  {
    "name": {
      "common": "Denmark",
      "official": "Kingdom of Denmark",
      "nativeName": {
        "dan": {
          "official": "Kongeriget Danmark",
          "common": "Danmark"
        }
      }
    }
  },
  {
    "name": {
      "common": "Oman",
      "official": "Sultanate of Oman",
      "nativeName": {
        "ara": {
          "official": "سلطنة عمان",
          "common": "عمان"
        }
      }
    }
  },
  {
    "name": {
      "common": "Saint Vincent and the Grenadines",
      "official": "Saint Vincent and the Grenadines",
      "nativeName": {
        "eng": {
          "official": "Saint Vincent and the Grenadines",
          "common": "Saint Vincent and the Grenadines"
        }
      }
    }
  },
  {
    "name": {
      "common": "Eritrea",
      "official": "State of Eritrea",
      "nativeName": {
        "ara": {
          "official": "دولة إرتريا",
          "common": "إرتريا‎"
        },
        "eng": {
          "official": "State of Eritrea",
          "common": "Eritrea"
        },
        "tir": {
          "official": "ሃገረ ኤርትራ",
          "common": "ኤርትራ"
        }
      }
    }
  },
  {
    "name": {
      "common": "Australia",
      "official": "Commonwealth of Australia",
      "nativeName": {
        "eng": {
          "official": "Commonwealth of Australia",
          "common": "Australia"
        }
      }
    }
  },
  {
    "name": {
      "common": "Iran",
      "official": "Islamic Republic of Iran",
      "nativeName": {
        "fas": {
          "official": "جمهوری اسلامی ایران",
          "common": "ایران"
        }
      }
    }
  },
  {
    "name": {
      "common": "El Salvador",
      "official": "Republic of El Salvador",
      "nativeName": {
        "spa": {
          "official": "República de El Salvador",
          "common": "El Salvador"
        }
      }
    }
  },
  {
    "name": {
      "common": "Tanzania",
      "official": "United Republic of Tanzania",
      "nativeName": {
        "eng": {
          "official": "United Republic of Tanzania",
          "common": "Tanzania"
        },
        "swa": {
          "official": "Jamhuri ya Muungano wa Tanzania",
          "common": "Tanzania"
        }
      }
    }
  },
  {
    "name": {
      "common": "Guadeloupe",
      "official": "Guadeloupe",
      "nativeName": {
        "fra": {
          "official": "Guadeloupe",
          "common": "Guadeloupe"
        }
      }
    }
  },
  {
    "name": {
      "common": "Solomon Islands",
      "official": "Solomon Islands",
      "nativeName": {
        "eng": {
          "official": "Solomon Islands",
          "common": "Solomon Islands"
        }
      }
    }
  },
  {
    "name": {
      "common": "Kenya",
      "official": "Republic of Kenya",
      "nativeName": {
        "eng": {
          "official": "Republic of Kenya",
          "common": "Kenya"
        },
        "swa": {
          "official": "Republic of Kenya",
          "common": "Kenya"
        }
      }
    }
  },
  {
    "name": {
      "common": "Dominican Republic",
      "official": "Dominican Republic",
      "nativeName": {
        "spa": {
          "official": "República Dominicana",
          "common": "República Dominicana"
        }
      }
    }
  },
  {
    "name": {
      "common": "Greece",
      "official": "Hellenic Republic",
      "nativeName": {
        "ell": {
          "official": "Ελληνική Δημοκρατία",
          "common": "Ελλάδα"
        }
      }
    }
  },
  {
    "name": {
      "common": "Guernsey",
      "official": "Bailiwick of Guernsey",
      "nativeName": {
        "eng": {
          "official": "Bailiwick of Guernsey",
          "common": "Guernsey"
        },
        "fra": {
          "official": "Bailliage de Guernesey",
          "common": "Guernesey"
        },
        "nfr": {
          "official": "Dgèrnésiais",
          "common": "Dgèrnésiais"
        }
      }
    }
  },
  {
    "name": {
      "common": "Rwanda",
      "official": "Republic of Rwanda",
      "nativeName": {
        "eng": {
          "official": "Republic of Rwanda",
          "common": "Rwanda"
        },
        "fra": {
          "official": "République rwandaise",
          "common": "Rwanda"
        },
        "kin": {
          "official": "Repubulika y'u Rwanda",
          "common": "Rwanda"
        }
      }
    }
  },
  {
    "name": {
      "common": "Saint Pierre and Miquelon",
      "official": "Saint Pierre and Miquelon",
      "nativeName": {
        "fra": {
          "official": "Collectivité territoriale de Saint-Pierre-et-Miquelon",
          "common": "Saint-Pierre-et-Miquelon"
        }
      }
    }
  },
  {
    "name": {
      "common": "Tuvalu",
      "official": "Tuvalu",
      "nativeName": {
        "eng": {
          "official": "Tuvalu",
          "common": "Tuvalu"
        },
        "tvl": {
          "official": "Tuvalu",
          "common": "Tuvalu"
        }
      }
    }
  },
  {
    "name": {
      "common": "Taiwan",
      "official": "Republic of China (Taiwan)",
      "nativeName": {
        "zho": {
          "official": "中華民國",
          "common": "台灣"
        }
      }
    }
  },
  {
    "name": {
      "common": "Guyana",
      "official": "Co-operative Republic of Guyana",
      "nativeName": {
        "eng": {
          "official": "Co-operative Republic of Guyana",
          "common": "Guyana"
        }
      }
    }
  },
  {
    "name": {
      "common": "Seychelles",
      "official": "Republic of Seychelles",
      "nativeName": {
        "crs": {
          "official": "Repiblik Sesel",
          "common": "Sesel"
        },
        "eng": {
          "official": "Republic of Seychelles",
          "common": "Seychelles"
        },
        "fra": {
          "official": "République des Seychelles",
          "common": "Seychelles"
        }
      }
    }
  },
  {
    "name": {
      "common": "North Korea",
      "official": "Democratic People's Republic of Korea",
      "nativeName": {
        "kor": {
          "official": "조선민주주의인민공화국",
          "common": "조선"
        }
      }
    }
  },
  {
    "name": {
      "common": "Botswana",
      "official": "Republic of Botswana",
      "nativeName": {
        "eng": {
          "official": "Republic of Botswana",
          "common": "Botswana"
        },
        "tsn": {
          "official": "Lefatshe la Botswana",
          "common": "Botswana"
        }
      }
    }
  },
  {
    "name": {
      "common": "Cambodia",
      "official": "Kingdom of Cambodia",
      "nativeName": {
        "khm": {
          "official": "ព្រះរាជាណាចក្រកម្ពុជា",
          "common": "Kâmpŭchéa"
        }
      }
    }
  },
  {
    "name": {
      "common": "Barbados",
      "official": "Barbados",
      "nativeName": {
        "eng": {
          "official": "Barbados",
          "common": "Barbados"
        }
      }
    }
  },
  {
    "name": {
      "common": "Colombia",
      "official": "Republic of Colombia",
      "nativeName": {
        "spa": {
          "official": "República de Colombia",
          "common": "Colombia"
        }
      }
    }
  },
  {
    "name": {
      "common": "Ukraine",
      "official": "Ukraine",
      "nativeName": {
        "ukr": {
          "official": "Україна",
          "common": "Україна"
        }
      }
    }
  },
  {
    "name": {
      "common": "Ivory Coast",
      "official": "Republic of Côte d'Ivoire",
      "nativeName": {
        "fra": {
          "official": "République de Côte d'Ivoire",
          "common": "Côte d'Ivoire"
        }
      }
    }
  },
  {
    "name": {
      "common": "Nauru",
      "official": "Republic of Nauru",
      "nativeName": {
        "eng": {
          "official": "Republic of Nauru",
          "common": "Nauru"
        },
        "nau": {
          "official": "Republic of Nauru",
          "common": "Nauru"
        }
      }
    }
  },
  {
    "name": {
      "common": "Namibia",
      "official": "Republic of Namibia",
      "nativeName": {
        "afr": {
          "official": "Republiek van Namibië",
          "common": "Namibië"
        },
        "deu": {
          "official": "Republik Namibia",
          "common": "Namibia"
        },
        "eng": {
          "official": "Republic of Namibia",
          "common": "Namibia"
        },
        "her": {
          "official": "Republic of Namibia",
          "common": "Namibia"
        },
        "hgm": {
          "official": "Republic of Namibia",
          "common": "Namibia"
        },
        "kwn": {
          "official": "Republic of Namibia",
          "common": "Namibia"
        },
        "loz": {
          "official": "Republic of Namibia",
          "common": "Namibia"
        },
        "ndo": {
          "official": "Republic of Namibia",
          "common": "Namibia"
        },
        "tsn": {
          "official": "Lefatshe la Namibia",
          "common": "Namibia"
        }
      }
    }
  },
  {
    "name": {
      "common": "Chad",
      "official": "Republic of Chad",
      "nativeName": {
        "ara": {
          "official": "جمهورية تشاد",
          "common": "تشاد‎"
        },
        "fra": {
          "official": "République du Tchad",
          "common": "Tchad"
        }
      }
    }
  },
  {
    "name": {
      "common": "Tonga",
      "official": "Kingdom of Tonga",
      "nativeName": {
        "eng": {
          "official": "Kingdom of Tonga",
          "common": "Tonga"
        },
        "ton": {
          "official": "Kingdom of Tonga",
          "common": "Tonga"
        }
      }
    }
  },
  {
    "name": {
      "common": "Argentina",
      "official": "Argentine Republic",
      "nativeName": {
        "grn": {
          "official": "Argentine Republic",
          "common": "Argentina"
        },
        "spa": {
          "official": "República Argentina",
          "common": "Argentina"
        }
      }
    }
  },
  {
    "name": {
      "common": "Christmas Island",
      "official": "Territory of Christmas Island",
      "nativeName": {
        "eng": {
          "official": "Territory of Christmas Island",
          "common": "Christmas Island"
        }
      }
    }
  },
  {
    "name": {
      "common": "Niger",
      "official": "Republic of Niger",
      "nativeName": {
        "fra": {
          "official": "République du Niger",
          "common": "Niger"
        }
      }
    }
  },
  {
    "name": {
      "common": "Marshall Islands",
      "official": "Republic of the Marshall Islands",
      "nativeName": {
        "eng": {
          "official": "Republic of the Marshall Islands",
          "common": "Marshall Islands"
        },
        "mah": {
          "official": "Republic of the Marshall Islands",
          "common": "M̧ajeļ"
        }
      }
    }
  },
  {
    "name": {
      "common": "Costa Rica",
      "official": "Republic of Costa Rica",
      "nativeName": {
        "spa": {
          "official": "República de Costa Rica",
          "common": "Costa Rica"
        }
      }
    }
  },
  {
    "name": {
      "common": "Ghana",
      "official": "Republic of Ghana",
      "nativeName": {
        "eng": {
          "official": "Republic of Ghana",
          "common": "Ghana"
        }
      }
    }
  },
  {
    "name": {
      "common": "Austria",
      "official": "Republic of Austria",
      "nativeName": {
        "bar": {
          "official": "Republik Österreich",
          "common": "Österreich"
        }
      }
    }
  },
  {
    "name": {
      "common": "Saint Helena, Ascension and Tristan da Cunha",
      "official": "Saint Helena, Ascension and Tristan da Cunha",
      "nativeName": {
        "eng": {
          "official": "Saint Helena, Ascension and Tristan da Cunha",
          "common": "Saint Helena, Ascension and Tristan da Cunha"
        }
      }
    }
  },
  {
    "name": {
      "common": "Palestine",
      "official": "State of Palestine",
      "nativeName": {
        "ara": {
          "official": "دولة فلسطين",
          "common": "فلسطين"
        }
      }
    }
  },
  {
    "name": {
      "common": "Cuba",
      "official": "Republic of Cuba",
      "nativeName": {
        "spa": {
          "official": "República de Cuba",
          "common": "Cuba"
        }
      }
    }
  },
  {
    "name": {
      "common": "Hungary",
      "official": "Hungary",
      "nativeName": {
        "hun": {
          "official": "Magyarország",
          "common": "Magyarország"
        }
      }
    }
  },
  {
    "name": {
      "common": "Micronesia",
      "official": "Federated States of Micronesia",
      "nativeName": {
        "eng": {
          "official": "Federated States of Micronesia",
          "common": "Micronesia"
        }
      }
    }
  },
  {
    "name": {
      "common": "Belize",
      "official": "Belize",
      "nativeName": {
        "bjz": {
          "official": "Belize",
          "common": "Belize"
        },
        "eng": {
          "official": "Belize",
          "common": "Belize"
        },
        "spa": {
          "official": "Belice",
          "common": "Belice"
        }
      }
    }
  },
  {
    "name": {
      "common": "Bahamas",
      "official": "Commonwealth of the Bahamas",
      "nativeName": {
        "eng": {
          "official": "Commonwealth of the Bahamas",
          "common": "Bahamas"
        }
      }
    }
  },
  {
    "name": {
      "common": "Aruba",
      "official": "Aruba",
      "nativeName": {
        "nld": {
          "official": "Aruba",
          "common": "Aruba"
        },
        "pap": {
          "official": "Aruba",
          "common": "Aruba"
        }
      }
    }
  },
  {
    "name": {
      "common": "São Tomé and Príncipe",
      "official": "Democratic Republic of São Tomé and Príncipe",
      "nativeName": {
        "por": {
          "official": "República Democrática do São Tomé e Príncipe",
          "common": "São Tomé e Príncipe"
        }
      }
    }
  },
  {
    "name": {
      "common": "Russia",
      "official": "Russian Federation",
      "nativeName": {
        "rus": {
          "official": "Российская Федерация",
          "common": "Россия"
        }
      }
    }
  },
  {
    "name": {
      "common": "Luxembourg",
      "official": "Grand Duchy of Luxembourg",
      "nativeName": {
        "deu": {
          "official": "Großherzogtum Luxemburg",
          "common": "Luxemburg"
        },
        "fra": {
          "official": "Grand-Duché de Luxembourg",
          "common": "Luxembourg"
        },
        "ltz": {
          "official": "Groussherzogtum Lëtzebuerg",
          "common": "Lëtzebuerg"
        }
      }
    }
  },
  {
    "name": {
      "common": "Faroe Islands",
      "official": "Faroe Islands",
      "nativeName": {
        "dan": {
          "official": "Færøerne",
          "common": "Færøerne"
        },
        "fao": {
          "official": "Føroyar",
          "common": "Føroyar"
        }
      }
    }
  },
  {
    "name": {
      "common": "Nicaragua",
      "official": "Republic of Nicaragua",
      "nativeName": {
        "spa": {
          "official": "República de Nicaragua",
          "common": "Nicaragua"
        }
      }
    }
  },
  {
    "name": {
      "common": "Tunisia",
      "official": "Tunisian Republic",
      "nativeName": {
        "ara": {
          "official": "الجمهورية التونسية",
          "common": "تونس"
        }
      }
    }
  },
  {
    "name": {
      "common": "DR Congo",
      "official": "Democratic Republic of the Congo",
      "nativeName": {
        "fra": {
          "official": "République démocratique du Congo",
          "common": "RD Congo"
        },
        "kon": {
          "official": "Repubilika ya Kongo Demokratiki",
          "common": "Repubilika ya Kongo Demokratiki"
        },
        "lin": {
          "official": "Republiki ya Kongó Demokratiki",
          "common": "Republiki ya Kongó Demokratiki"
        },
        "lua": {
          "official": "Ditunga dia Kongu wa Mungalaata",
          "common": "Ditunga dia Kongu wa Mungalaata"
        },
        "swa": {
          "official": "Jamhuri ya Kidemokrasia ya Kongo",
          "common": "Jamhuri ya Kidemokrasia ya Kongo"
        }
      }
    }
  },
  {
    "name": {
      "common": "Svalbard and Jan Mayen",
      "official": "Svalbard og Jan Mayen",
      "nativeName": {
        "nor": {
          "official": "Svalbard og Jan Mayen",
          "common": "Svalbard og Jan Mayen"
        }
      }
    }
  },
  {
    "name": {
      "common": "South Africa",
      "official": "Republic of South Africa",
      "nativeName": {
        "afr": {
          "official": "Republiek van Suid-Afrika",
          "common": "South Africa"
        },
        "eng": {
          "official": "Republic of South Africa",
          "common": "South Africa"
        },
        "nbl": {
          "official": "IRiphabliki yeSewula Afrika",
          "common": "Sewula Afrika"
        },
        "nso": {
          "official": "Rephaboliki ya Afrika-Borwa ",
          "common": "Afrika-Borwa"
        },
        "sot": {
          "official": "Rephaboliki ya Afrika Borwa",
          "common": "Afrika Borwa"
        },
        "ssw": {
          "official": "IRiphabhulikhi yeNingizimu Afrika",
          "common": "Ningizimu Afrika"
        },
        "tsn": {
          "official": "Rephaboliki ya Aforika Borwa",
          "common": "Aforika Borwa"
        },
        "tso": {
          "official": "Riphabliki ra Afrika Dzonga",
          "common": "Afrika Dzonga"
        },
        "ven": {
          "official": "Riphabuḽiki ya Afurika Tshipembe",
          "common": "Afurika Tshipembe"
        },
        "xho": {
          "official": "IRiphabliki yaseMzantsi Afrika",
          "common": "Mzantsi Afrika"
        },
        "zul": {
          "official": "IRiphabliki yaseNingizimu Afrika",
          "common": "Ningizimu Afrika"
        }
      }
    }
  },
  {
    "name": {
      "common": "Sierra Leone",
      "official": "Republic of Sierra Leone",
      "nativeName": {
        "eng": {
          "official": "Republic of Sierra Leone",
          "common": "Sierra Leone"
        }
      }
    }
  },
  {
    "name": {
      "common": "Lesotho",
      "official": "Kingdom of Lesotho",
      "nativeName": {
        "eng": {
          "official": "Kingdom of Lesotho",
          "common": "Lesotho"
        },
        "sot": {
          "official": "Kingdom of Lesotho",
          "common": "Lesotho"
        }
      }
    }
  },
  {
    "name": {
      "common": "South Georgia",
      "official": "South Georgia and the South Sandwich Islands",
      "nativeName": {
        "eng": {
          "official": "South Georgia and the South Sandwich Islands",
          "common": "South Georgia"
        }
      }
    }
  },
  {
    "name": {
      "common": "Italy",
      "official": "Italian Republic",
      "nativeName": {
        "ita": {
          "official": "Repubblica italiana",
          "common": "Italia"
        }
      }
    }
  },
  {
    "name": {
      "common": "Djibouti",
      "official": "Republic of Djibouti",
      "nativeName": {
        "ara": {
          "official": "جمهورية جيبوتي",
          "common": "جيبوتي‎"
        },
        "fra": {
          "official": "République de Djibouti",
          "common": "Djibouti"
        }
      }
    }
  },
  {
    "name": {
      "common": "Heard Island and McDonald Islands",
      "official": "Heard Island and McDonald Islands",
      "nativeName": {
        "eng": {
          "official": "Heard Island and McDonald Islands",
          "common": "Heard Island and McDonald Islands"
        }
      }
    }
  },
  {
    "name": {
      "common": "Sri Lanka",
      "official": "Democratic Socialist Republic of Sri Lanka",
      "nativeName": {
        "sin": {
          "official": "ශ්‍රී ලංකා ප්‍රජාතාන්ත්‍රික සමාජවාදී ජනරජය",
          "common": "ශ්‍රී ලංකාව"
        },
        "tam": {
          "official": "இலங்கை சனநாயக சோசலிசக் குடியரசு",
          "common": "இலங்கை"
        }
      }
    }
  },
  {
    "name": {
      "common": "Saint Lucia",
      "official": "Saint Lucia",
      "nativeName": {
        "eng": {
          "official": "Saint Lucia",
          "common": "Saint Lucia"
        }
      }
    }
  },
  {
    "name": {
      "common": "Samoa",
      "official": "Independent State of Samoa",
      "nativeName": {
        "eng": {
          "official": "Independent State of Samoa",
          "common": "Samoa"
        },
        "smo": {
          "official": "Malo Saʻoloto Tutoʻatasi o Sāmoa",
          "common": "Sāmoa"
        }
      }
    }
  },
  {
    "name": {
      "common": "Cocos (Keeling) Islands",
      "official": "Territory of the Cocos (Keeling) Islands",
      "nativeName": {
        "eng": {
          "official": "Territory of the Cocos (Keeling) Islands",
          "common": "Cocos (Keeling) Islands"
        }
      }
    }
  },
  {
    "name": {
      "common": "Puerto Rico",
      "official": "Commonwealth of Puerto Rico",
      "nativeName": {
        "eng": {
          "official": "Commonwealth of Puerto Rico",
          "common": "Puerto Rico"
        },
        "spa": {
          "official": "Estado Libre Asociado de Puerto Rico",
          "common": "Puerto Rico"
        }
      }
    }
  },
  {
    "name": {
      "common": "Gabon",
      "official": "Gabonese Republic",
      "nativeName": {
        "fra": {
          "official": "République gabonaise",
          "common": "Gabon"
        }
      }
    }
  },
  {
    "name": {
      "common": "Turkmenistan",
      "official": "Turkmenistan",
      "nativeName": {
        "rus": {
          "official": "Туркменистан",
          "common": "Туркмения"
        },
        "tuk": {
          "official": "Türkmenistan",
          "common": "Türkmenistan"
        }
      }
    }
  },
  {
    "name": {
      "common": "Latvia",
      "official": "Republic of Latvia",
      "nativeName": {
        "lav": {
          "official": "Latvijas Republikas",
          "common": "Latvija"
        }
      }
    }
  },
  {
    "name": {
      "common": "Senegal",
      "official": "Republic of Senegal",
      "nativeName": {
        "fra": {
          "official": "République du Sénégal",
          "common": "Sénégal"
        }
      }
    }
  },
  {
    "name": {
      "common": "Belgium",
      "official": "Kingdom of Belgium",
      "nativeName": {
        "deu": {
          "official": "Königreich Belgien",
          "common": "Belgien"
        },
        "fra": {
          "official": "Royaume de Belgique",
          "common": "Belgique"
        },
        "nld": {
          "official": "Koninkrijk België",
          "common": "België"
        }
      }
    }
  },
  {
    "name": {
      "common": "Moldova",
      "official": "Republic of Moldova",
      "nativeName": {
        "ron": {
          "official": "Republica Moldova",
          "common": "Moldova"
        }
      }
    }
  },
  {
    "name": {
      "common": "Liechtenstein",
      "official": "Principality of Liechtenstein",
      "nativeName": {
        "deu": {
          "official": "Fürstentum Liechtenstein",
          "common": "Liechtenstein"
        }
      }
    }
  },
  {
    "name": {
      "common": "Malawi",
      "official": "Republic of Malawi",
      "nativeName": {
        "eng": {
          "official": "Republic of Malawi",
          "common": "Malawi"
        },
        "nya": {
          "official": "Chalo cha Malawi, Dziko la Malaŵi",
          "common": "Malaŵi"
        }
      }
    }
  },
  {
    "name": {
      "common": "Lebanon",
      "official": "Lebanese Republic",
      "nativeName": {
        "ara": {
          "official": "الجمهورية اللبنانية",
          "common": "لبنان"
        },
        "fra": {
          "official": "République libanaise",
          "common": "Liban"
        }
      }
    }
  },
  {
    "name": {
      "common": "Mongolia",
      "official": "Mongolia",
      "nativeName": {
        "mon": {
          "official": "Монгол улс",
          "common": "Монгол улс"
        }
      }
    }
  },
  {
    "name": {
      "common": "Norway",
      "official": "Kingdom of Norway",
      "nativeName": {
        "nno": {
          "official": "Kongeriket Noreg",
          "common": "Noreg"
        },
        "nob": {
          "official": "Kongeriket Norge",
          "common": "Norge"
        },
        "smi": {
          "official": "Norgga gonagasriika",
          "common": "Norgga"
        }
      }
    }
  },
  {
    "name": {
      "common": "British Virgin Islands",
      "official": "Virgin Islands",
      "nativeName": {
        "eng": {
          "official": "Virgin Islands",
          "common": "British Virgin Islands"
        }
      }
    }
  },
  {
    "name": {
      "common": "Cameroon",
      "official": "Republic of Cameroon",
      "nativeName": {
        "eng": {
          "official": "Republic of Cameroon",
          "common": "Cameroon"
        },
        "fra": {
          "official": "République du Cameroun",
          "common": "Cameroun"
        }
      }
    }
  },
  {
    "name": {
      "common": "Thailand",
      "official": "Kingdom of Thailand",
      "nativeName": {
        "tha": {
          "official": "ราชอาณาจักรไทย",
          "common": "ประเทศไทย"
        }
      }
    }
  },
  {
    "name": {
      "common": "Nigeria",
      "official": "Federal Republic of Nigeria",
      "nativeName": {
        "eng": {
          "official": "Federal Republic of Nigeria",
          "common": "Nigeria"
        }
      }
    }
  },
  {
    "name": {
      "common": "Réunion",
      "official": "Réunion Island",
      "nativeName": {
        "fra": {
          "official": "Ile de la Réunion",
          "common": "La Réunion"
        }
      }
    }
  },
  {
    "name": {
      "common": "Cape Verde",
      "official": "Republic of Cabo Verde",
      "nativeName": {
        "por": {
          "official": "República de Cabo Verde",
          "common": "Cabo Verde"
        }
      }
    }
  },
  {
    "name": {
      "common": "Jersey",
      "official": "Bailiwick of Jersey",
      "nativeName": {
        "eng": {
          "official": "Bailiwick of Jersey",
          "common": "Jersey"
        },
        "fra": {
          "official": "Bailliage de Jersey",
          "common": "Jersey"
        },
        "nrf": {
          "official": "Bailliage dé Jèrri",
          "common": "Jèrri"
        }
      }
    }
  },
  {
    "name": {
      "common": "Algeria",
      "official": "People's Democratic Republic of Algeria",
      "nativeName": {
        "ara": {
          "official": "الجمهورية الديمقراطية الشعبية الجزائرية",
          "common": "الجزائر"
        }
      }
    }
  },
  {
    "name": {
      "common": "Laos",
      "official": "Lao People's Democratic Republic",
      "nativeName": {
        "lao": {
          "official": "ສາທາລະນະ ຊາທິປະໄຕ ຄົນລາວ ຂອງ",
          "common": "ສປປລາວ"
        }
      }
    }
  },
  {
    "name": {
      "common": "Caribbean Netherlands",
      "official": "Bonaire, Sint Eustatius and Saba",
      "nativeName": {
        "nld": {
          "official": "Bonaire, Sint Eustatius en Saba",
          "common": "Caribisch Nederland"
        },
        "pap": {
          "official": "Boneiru, Sint Eustatius y Saba",
          "common": "Boneiru, Sint Eustatius y Saba"
        }
      }
    }
  },
  {
    "name": {
      "common": "Azerbaijan",
      "official": "Republic of Azerbaijan",
      "nativeName": {
        "aze": {
          "official": "Azərbaycan Respublikası",
          "common": "Azərbaycan"
        },
        "rus": {
          "official": "Азербайджанская Республика",
          "common": "Азербайджан"
        }
      }
    }
  },
  {
    "name": {
      "common": "Sint Maarten",
      "official": "Sint Maarten",
      "nativeName": {
        "eng": {
          "official": "Sint Maarten",
          "common": "Sint Maarten"
        },
        "fra": {
          "official": "Saint-Martin",
          "common": "Saint-Martin"
        },
        "nld": {
          "official": "Sint Maarten",
          "common": "Sint Maarten"
        }
      }
    }
  },
  {
    "name": {
      "common": "Morocco",
      "official": "Kingdom of Morocco",
      "nativeName": {
        "ara": {
          "official": "المملكة المغربية",
          "common": "المغرب"
        },
        "ber": {
          "official": "ⵜⴰⴳⵍⴷⵉⵜ ⵏ ⵍⵎⵖⵔⵉⴱ",
          "common": "ⵍⵎⴰⵖⵔⵉⴱ"
        }
      }
    }
  },
  {
    "name": {
      "common": "Åland Islands",
      "official": "Åland Islands",
      "nativeName": {
        "swe": {
          "official": "Landskapet Åland",
          "common": "Åland"
        }
      }
    }
  },
  {
    "name": {
      "common": "Bulgaria",
      "official": "Republic of Bulgaria",
      "nativeName": {
        "bul": {
          "official": "Република България",
          "common": "България"
        }
      }
    }
  },
  {
    "name": {
      "common": "Burundi",
      "official": "Republic of Burundi",
      "nativeName": {
        "fra": {
          "official": "République du Burundi",
          "common": "Burundi"
        },
        "run": {
          "official": "Republika y'Uburundi ",
          "common": "Uburundi"
        }
      }
    }
  },
  {
    "name": {
      "common": "Uganda",
      "official": "Republic of Uganda",
      "nativeName": {
        "eng": {
          "official": "Republic of Uganda",
          "common": "Uganda"
        },
        "swa": {
          "official": "Republic of Uganda",
          "common": "Uganda"
        }
      }
    }
  },
  {
    "name": {
      "common": "Kosovo",
      "official": "Republic of Kosovo",
      "nativeName": {
        "sqi": {
          "official": "Republika e Kosovës",
          "common": "Kosova"
        },
        "srp": {
          "official": "Република Косово",
          "common": "Косово"
        }
      }
    }
  },
  {
    "name": {
      "common": "Mozambique",
      "official": "Republic of Mozambique",
      "nativeName": {
        "por": {
          "official": "República de Moçambique",
          "common": "Moçambique"
        }
      }
    }
  },
  {
    "name": {
      "common": "Georgia",
      "official": "Georgia",
      "nativeName": {
        "kat": {
          "official": "საქართველო",
          "common": "საქართველო"
        }
      }
    }
  },
  {
    "name": {
      "common": "United Kingdom",
      "official": "United Kingdom of Great Britain and Northern Ireland",
      "nativeName": {
        "eng": {
          "official": "United Kingdom of Great Britain and Northern Ireland",
          "common": "United Kingdom"
        }
      }
    }
  },
  {
    "name": {
      "common": "Wallis and Futuna",
      "official": "Territory of the Wallis and Futuna Islands",
      "nativeName": {
        "fra": {
          "official": "Territoire des îles Wallis et Futuna",
          "common": "Wallis et Futuna"
        }
      }
    }
  },
  {
    "name": {
      "common": "Pitcairn Islands",
      "official": "Pitcairn Group of Islands",
      "nativeName": {
        "eng": {
          "official": "Pitcairn Group of Islands",
          "common": "Pitcairn Islands"
        }
      }
    }
  },
  {
    "name": {
      "common": "Romania",
      "official": "Romania",
      "nativeName": {
        "ron": {
          "official": "România",
          "common": "România"
        }
      }
    }
  },
  {
    "name": {
      "common": "Vietnam",
      "official": "Socialist Republic of Vietnam",
      "nativeName": {
        "vie": {
          "official": "Cộng hòa xã hội chủ nghĩa Việt Nam",
          "common": "Việt Nam"
        }
      }
    }
  },
  {
    "name": {
      "common": "French Southern and Antarctic Lands",
      "official": "Territory of the French Southern and Antarctic Lands",
      "nativeName": {
        "fra": {
          "official": "Territoire des Terres australes et antarctiques françaises",
          "common": "Terres australes et antarctiques françaises"
        }
      }
    }
  },
  {
    "name": {
      "common": "Western Sahara",
      "official": "Sahrawi Arab Democratic Republic",
      "nativeName": {
        "ber": {
          "official": "Sahrawi Arab Democratic Republic",
          "common": "Western Sahara"
        },
        "mey": {
          "official": "الجمهورية العربية الصحراوية الديمقراطية",
          "common": "الصحراء الغربية"
        },
        "spa": {
          "official": "República Árabe Saharaui Democrática",
          "common": "Sahara Occidental"
        }
      }
    }
  },
  {
    "name": {
      "common": "Japan",
      "official": "Japan",
      "nativeName": {
        "jpn": {
          "official": "日本",
          "common": "日本"
        }
      }
    }
  },
  {
    "name": {
      "common": "Egypt",
      "official": "Arab Republic of Egypt",
      "nativeName": {
        "ara": {
          "official": "جمهورية مصر العربية",
          "common": "مصر"
        }
      }
    }
  },
  {
    "name": {
      "common": "Liberia",
      "official": "Republic of Liberia",
      "nativeName": {
        "eng": {
          "official": "Republic of Liberia",
          "common": "Liberia"
        }
      }
    }
  },
  {
    "name": {
      "common": "Lithuania",
      "official": "Republic of Lithuania",
      "nativeName": {
        "lit": {
          "official": "Lietuvos Respublikos",
          "common": "Lietuva"
        }
      }
    }
  },
  {
    "name": {
      "common": "Haiti",
      "official": "Republic of Haiti",
      "nativeName": {
        "fra": {
          "official": "République d'Haïti",
          "common": "Haïti"
        },
        "hat": {
          "official": "Repiblik Ayiti",
          "common": "Ayiti"
        }
      }
    }
  },
  {
    "name": {
      "common": "United States Virgin Islands",
      "official": "Virgin Islands of the United States",
      "nativeName": {
        "eng": {
          "official": "Virgin Islands of the United States",
          "common": "United States Virgin Islands"
        }
      }
    }
  },
  {
    "name": {
      "common": "Papua New Guinea",
      "official": "Independent State of Papua New Guinea",
      "nativeName": {
        "eng": {
          "official": "Independent State of Papua New Guinea",
          "common": "Papua New Guinea"
        },
        "hmo": {
          "official": "Independen Stet bilong Papua Niugini",
          "common": "Papua Niu Gini"
        },
        "tpi": {
          "official": "Independen Stet bilong Papua Niugini",
          "common": "Papua Niugini"
        }
      }
    }
  },
  {
    "name": {
      "common": "Hong Kong",
      "official": "Hong Kong Special Administrative Region of the People's Republic of China",
      "nativeName": {
        "eng": {
          "official": "Hong Kong Special Administrative Region of the People's Republic of China",
          "common": "Hong Kong"
        },
        "zho": {
          "official": "中华人民共和国香港特别行政区",
          "common": "香港"
        }
      }
    }
  },
  {
    "name": {
      "common": "Kyrgyzstan",
      "official": "Kyrgyz Republic",
      "nativeName": {
        "kir": {
          "official": "Кыргыз Республикасы",
          "common": "Кыргызстан"
        },
        "rus": {
          "official": "Кыргызская Республика",
          "common": "Киргизия"
        }
      }
    }
  },
  {
    "name": {
      "common": "Palau",
      "official": "Republic of Palau",
      "nativeName": {
        "eng": {
          "official": "Republic of Palau",
          "common": "Palau"
        },
        "pau": {
          "official": "Beluu er a Belau",
          "common": "Belau"
        }
      }
    }
  },
  {
    "name": {
      "common": "Madagascar",
      "official": "Republic of Madagascar",
      "nativeName": {
        "fra": {
          "official": "République de Madagascar",
          "common": "Madagascar"
        },
        "mlg": {
          "official": "Repoblikan'i Madagasikara",
          "common": "Madagasikara"
        }
      }
    }
  },
  {
    "name": {
      "common": "Gambia",
      "official": "Republic of the Gambia",
      "nativeName": {
        "eng": {
          "official": "Republic of the Gambia",
          "common": "Gambia"
        }
      }
    }
  },
  {
    "name": {
      "common": "Togo",
      "official": "Togolese Republic",
      "nativeName": {
        "fra": {
          "official": "République togolaise",
          "common": "Togo"
        }
      }
    }
  },
  {
    "name": {
      "common": "Tokelau",
      "official": "Tokelau",
      "nativeName": {
        "eng": {
          "official": "Tokelau",
          "common": "Tokelau"
        },
        "smo": {
          "official": "Tokelau",
          "common": "Tokelau"
        },
        "tkl": {
          "official": "Tokelau",
          "common": "Tokelau"
        }
      }
    }
  },
  {
    "name": {
      "common": "Slovenia",
      "official": "Republic of Slovenia",
      "nativeName": {
        "slv": {
          "official": "Republika Slovenija",
          "common": "Slovenija"
        }
      }
    }
  },
  {
    "name": {
      "common": "Singapore",
      "official": "Republic of Singapore",
      "nativeName": {
        "zho": {
          "official": "新加坡共和国",
          "common": "新加坡"
        },
        "eng": {
          "official": "Republic of Singapore",
          "common": "Singapore"
        },
        "msa": {
          "official": "Republik Singapura",
          "common": "Singapura"
        },
        "tam": {
          "official": "சிங்கப்பூர் குடியரசு",
          "common": "சிங்கப்பூர்"
        }
      }
    }
  },
  {
    "name": {
      "common": "French Guiana",
      "official": "Guiana",
      "nativeName": {
        "fra": {
          "official": "Guyane",
          "common": "Guyane française"
        }
      }
    }
  },
  {
    "name": {
      "common": "United States",
      "official": "United States of America",
      "nativeName": {
        "eng": {
          "official": "United States of America",
          "common": "United States"
        }
      }
    }
  },
  {
    "name": {
      "common": "Montserrat",
      "official": "Montserrat",
      "nativeName": {
        "eng": {
          "official": "Montserrat",
          "common": "Montserrat"
        }
      }
    }
  },
  {
    "name": {
      "common": "Malaysia",
      "official": "Malaysia",
      "nativeName": {
        "eng": {
          "official": "Malaysia",
          "common": "Malaysia"
        },
        "msa": {
          "official": "مليسيا",
          "common": "مليسيا"
        }
      }
    }
  },
  {
    "name": {
      "common": "Germany",
      "official": "Federal Republic of Germany",
      "nativeName": {
        "deu": {
          "official": "Bundesrepublik Deutschland",
          "common": "Deutschland"
        }
      }
    }
  },
  {
    "name": {
      "common": "Antigua and Barbuda",
      "official": "Antigua and Barbuda",
      "nativeName": {
        "eng": {
          "official": "Antigua and Barbuda",
          "common": "Antigua and Barbuda"
        }
      }
    }
  },
  {
    "name": {
      "common": "Saint Martin",
      "official": "Saint Martin",
      "nativeName": {
        "fra": {
          "official": "Saint-Martin",
          "common": "Saint-Martin"
        }
      }
    }
  },
  {
    "name": {
      "common": "Somalia",
      "official": "Federal Republic of Somalia",
      "nativeName": {
        "ara": {
          "official": "جمهورية الصومال‎‎",
          "common": "الصومال‎‎"
        },
        "som": {
          "official": "Jamhuuriyadda Federaalka Soomaaliya",
          "common": "Soomaaliya"
        }
      }
    }
  },
  {
    "name": {
      "common": "Macau",
      "official": "Macao Special Administrative Region of the People's Republic of China",
      "nativeName": {
        "por": {
          "official": "Região Administrativa Especial de Macau da República Popular da China",
          "common": "Macau"
        },
        "zho": {
          "official": "中华人民共和国澳门特别行政区",
          "common": "澳门"
        }
      }
    }
  },
  {
    "name": {
      "common": "Albania",
      "official": "Republic of Albania",
      "nativeName": {
        "sqi": {
          "official": "Republika e Shqipërisë",
          "common": "Shqipëria"
        }
      }
    }
  },
  {
    "name": {
      "common": "Mayotte",
      "official": "Department of Mayotte",
      "nativeName": {
        "fra": {
          "official": "Département de Mayotte",
          "common": "Mayotte"
        }
      }
    }
  },
  {
    "name": {
      "common": "Dominica",
      "official": "Commonwealth of Dominica",
      "nativeName": {
        "eng": {
          "official": "Commonwealth of Dominica",
          "common": "Dominica"
        }
      }
    }
  },
  {
    "name": {
      "common": "Zambia",
      "official": "Republic of Zambia",
      "nativeName": {
        "eng": {
          "official": "Republic of Zambia",
          "common": "Zambia"
        }
      }
    }
  },
  {
    "name": {
      "common": "Anguilla",
      "official": "Anguilla",
      "nativeName": {
        "eng": {
          "official": "Anguilla",
          "common": "Anguilla"
        }
      }
    }
  },
  {
    "name": {
      "common": "Cook Islands",
      "official": "Cook Islands",
      "nativeName": {
        "eng": {
          "official": "Cook Islands",
          "common": "Cook Islands"
        },
        "rar": {
          "official": "Kūki 'Āirani",
          "common": "Kūki 'Āirani"
        }
      }
    }
  },
  {
    "name": {
      "common": "Martinique",
      "official": "Martinique",
      "nativeName": {
        "fra": {
          "official": "Martinique",
          "common": "Martinique"
        }
      }
    }
  },
  {
    "name": {
      "common": "Guinea",
      "official": "Republic of Guinea",
      "nativeName": {
        "fra": {
          "official": "République de Guinée",
          "common": "Guinée"
        }
      }
    }
  },
  {
    "name": {
      "common": "Comoros",
      "official": "Union of the Comoros",
      "nativeName": {
        "ara": {
          "official": "الاتحاد القمري",
          "common": "القمر‎"
        },
        "fra": {
          "official": "Union des Comores",
          "common": "Comores"
        },
        "zdj": {
          "official": "Udzima wa Komori",
          "common": "Komori"
        }
      }
    }
  },
  {
    "name": {
      "common": "Niue",
      "official": "Niue",
      "nativeName": {
        "eng": {
          "official": "Niue",
          "common": "Niue"
        },
        "niu": {
          "official": "Niuē",
          "common": "Niuē"
        }
      }
    }
  },
  {
    "name": {
      "common": "Switzerland",
      "official": "Swiss Confederation",
      "nativeName": {
        "fra": {
          "official": "Confédération suisse",
          "common": "Suisse"
        },
        "gsw": {
          "official": "Schweizerische Eidgenossenschaft",
          "common": "Schweiz"
        },
        "ita": {
          "official": "Confederazione Svizzera",
          "common": "Svizzera"
        },
        "roh": {
          "official": "Confederaziun svizra",
          "common": "Svizra"
        }
      }
    }
  },
  {
    "name": {
      "common": "Norfolk Island",
      "official": "Territory of Norfolk Island",
      "nativeName": {
        "eng": {
          "official": "Territory of Norfolk Island",
          "common": "Norfolk Island"
        },
        "pih": {
          "official": "Teratri of Norf'k Ailen",
          "common": "Norf'k Ailen"
        }
      }
    }
  },
  {
    "name": {
      "common": "Isle of Man",
      "official": "Isle of Man",
      "nativeName": {
        "eng": {
          "official": "Isle of Man",
          "common": "Isle of Man"
        },
        "glv": {
          "official": "Ellan Vannin or Mannin",
          "common": "Mannin"
        }
      }
    }
  },
  {
    "name": {
      "common": "Sudan",
      "official": "Republic of the Sudan",
      "nativeName": {
        "ara": {
          "official": "جمهورية السودان",
          "common": "السودان"
        },
        "eng": {
          "official": "Republic of the Sudan",
          "common": "Sudan"
        }
      }
    }
  },
  {
    "name": {
      "common": "Tajikistan",
      "official": "Republic of Tajikistan",
      "nativeName": {
        "rus": {
          "official": "Республика Таджикистан",
          "common": "Таджикистан"
        },
        "tgk": {
          "official": "Ҷумҳурии Тоҷикистон",
          "common": "Тоҷикистон"
        }
      }
    }
  },
  {
    "name": {
      "common": "Uruguay",
      "official": "Oriental Republic of Uruguay",
      "nativeName": {
        "spa": {
          "official": "República Oriental del Uruguay",
          "common": "Uruguay"
        }
      }
    }
  },
  {
    "name": {
      "common": "Cyprus",
      "official": "Republic of Cyprus",
      "nativeName": {
        "ell": {
          "official": "Δημοκρατία της Κύπρος",
          "common": "Κύπρος"
        },
        "tur": {
          "official": "Kıbrıs Cumhuriyeti",
          "common": "Kıbrıs"
        }
      }
    }
  },
  {
    "name": {
      "common": "Guinea-Bissau",
      "official": "Republic of Guinea-Bissau",
      "nativeName": {
        "por": {
          "official": "República da Guiné-Bissau",
          "common": "Guiné-Bissau"
        },
        "pov": {
          "official": "República da Guiné-Bissau",
          "common": "Guiné-Bissau"
        }
      }
    }
  }
]
